state,school_name,school_location,program_name,program_url
Alabama,Auburn University,"Auburn University, Alabama",Graduate Certificate in Business Analytics,http://harbert.auburn.edu/academics/graduate-certificates/business-analytics/
Alabama,The University of Alabama,"Tuscaloosa, Alabama",Master of Science in Applied Statistics,https://manderson.culverhouse.ua.edu/programs/specialized-masters/applied-statistics/
Alabama,University of Alabama at Birmingham,"Birmingham, Alabama",Master of Science in Management Information Systems,http://businessdegrees.uab.edu/mis-degree-masters/
Alabama,University of Alabama in Huntsville,"Huntsville, Alabama",Master of Science in Management Science - Business Analytics (MSMS-BA),http://www.uah.edu/cba/grad/degrees/analytics
Alabama,University of North Alabama,"Florence, Alabama",Master of Science in Geospatial Science,https://www.una.edu/geography/Grad/index.html
Arizona,Arizona State University,"Tempe, Arizona",Master of Accountancy - Data and Analytics Track,https://wpcarey.asu.edu/masters-programs/accounting-taxation
Arizona,Northern Arizona University,"Flagstaff, Arizona",Master of Science in Applied Geospatial Sciences,https://nau.edu/sbs/gpr/degrees-programs/ms-applied-geospatial-sciences/
Arizona,University of Arizona,"Tucson, Arizona",Business Intelligence & Analytics (Certificate NDP),http://grad.arizona.edu/programs/programinfo/BIACRTG
Arkansas,University of Arkansas at Little Rock,"Little Rock, Arkansas",Graduate Certificate in Data Science,http://ualr.edu/informationscience/graduate-certificate-in-data-science/
Arkansas,University of Arkansas,"Fayetteville, Arkansas",Graduate Certificate in Business Analytics,http://gsb.uark.edu/business-analytics-certificate/
California,"University of California, Berkeley","Berkeley, California",Online Master of Information and Cybersecurity (MICS),https://requestinfo.cybersecurity.berkeley.edu/index.html?s=mastersindatasciencesite&l=schools_california--listings-featured-program
California,California Institute of Technology,"Pasadena, California",PhD in Computing and Mathematical Sciences,http://www.cms.caltech.edu/academics/grad_cms
California,California Polytechnic State University-San Luis Obispo,"San Luis Obispo, California",Master of Science in Business Analytics,https://gradbusiness.calpoly.edu/ms-business-analytics/
California,California State University-East Bay,"Hayward, California",Master of Science in Business Analytics,http://www20.csueastbay.edu/cbe/msba/index.html
California,California State University-Fullerton,"Fullerton, California",Certificate in Data Science,http://extension.fullerton.edu/ProfessionalDevelopment/Certificates/Data-Science
California,California State University-Long Beach,"Long Beach, California",Master of Science in Applied Statistics,http://www.csulb.edu/divisions/aa/catalog/current/cnsm/mathematics/mathms05.html
California,California State University-San Bernardino,"San Bernardino, California",Master of Business Administration (M.B.A.) - Business Intelligence and Information Technology Focus,http://bulletin.csusb.edu/colleges-schools-departments/business-public-administration/mba/
California,Chapman University,"Orange, California",Doctorate in Computational and Data Sciences,http://www.chapman.edu/scst/graduate/phd-computational-science.aspx
California,Claremont Graduate University,"Claremont, California",Master of Science in Analytical Politics,https://www.cgu.edu/academics/program/analytical-politics/
California,Golden Gate University-San Francisco,"San Francisco, California",Master of Science in Business Analytics,http://www.ggu.edu/programs/business-analytics/master-of-science-in-business-analytics
California,Humboldt State University,"Arcata, California",Geospatial Certificate Program,http://www2.humboldt.edu/gspcert/index.html
California,National University,"La Jolla, California",Master of Science in Data Analytics,http://www.nu.edu/OurPrograms/SchoolOfEngineeringAndTechnology/ComputerScienceAndInformationSystems/Programs/MasterofScienceinDataAnalytics.html
California,San Diego State University,"San Diego, California",Master of Science in Big Data Analytics,https://big.sdsu.edu/
California,San Jose State University,"San Jose, California",Online Business Analytics Certificate,http://www.sjsu.edu/lucasschool/bacertificate/
California,Santa Clara University,"Santa Clara, California",Master of Science in Business Analytics,https://www.scu.edu/business/ms-business-analytics/
California,Stanford University,"Stanford, California",Biomedical Informatics MS Degree,http://scpd.stanford.edu/public/category/courseCategoryCertificateProfile.do?method=load&certificateId=1240186#searchResults
California,"University of California, Berkeley","Berkeley, California",Online Master of Information and Cybersecurity (MICS),https://requestinfo.cybersecurity.berkeley.edu/index.html
California,University of California-Davis,"Davis, California",Hybrid MBA with Business Analytics and Technologies Concentration,https://gsm.ucdavis.edu/bay-area-mba
California,University of California-Irvine,"Irvine, California",Business Intelligence & Data Warehousing Certificate,http://unex.uci.edu/areas/it/data_warehousing/
California,University of California-Los Angeles,"Los Angeles, California",Master of Science in Business Analytics,http://www.anderson.ucla.edu/degrees/master-of-science-in-business-analytics
California,University of California-Riverside,"Riverside, California",Master of Science in Engineering - Data Science Specialization,https://engineeringonline.ucr.edu/
California,University of California-San Diego,"La Jolla, California",Master of Advanced Study in Data Science and Engineering,http://www.jacobsschool.ucsd.edu/mas/dse/index.sfe
California,University of Redlands,"Redlands, California",Master of Science in Geographic Information Systems,http://www.redlands.edu/study/schools-and-centers/college-of-arts-and-sciences/geographic-information-systems/master-of-science-in-gis/
California,University of San Francisco,"San Francisco, California",Master of Science in Data Science,https://www.usfca.edu/arts-sciences/graduate-programs/data-science
California,University of Southern California,"Los Angeles, California",Master of Science in Business Analytics,http://www.marshall.usc.edu/msanalytics
California,University of the Pacific,"Sacramento, California | San Francisco, California",MS in Data Science,http://www.pacific.edu/Academics/Schools-and-Colleges/School-of-Engineering-and-Computer-Science/Academics-/MS-Analytics-Program.html
Colorado,American Sentinel University,"Aurora, Colorado",Master of Science Business Intelligence and Analytics (MSBIA),http://www.americansentinel.edu/management/m-s-business-intelligence
Colorado,Aspen University,"Denver, Colorado",Master of Science in Technology and Innovation - Business Intelligence and Data Management,http://www.aspen.edu/degrees/masters-degree/master-of-science-in-technology-and-innovation-business-intelligence-and-data-management
Colorado,Colorado State University-Fort Collins,"Fort Collins, Colorado",Master of Applied Statistics (M.A.S.),http://mas.colostate.edu/online/
Colorado,Colorado Technical University,"Colorado Springs, Colorado",Doctor of Computer Science - Concentration in Big Data Analytics,http://www.coloradotech.edu/degrees/doctorates/computer-science/big-data-analytics
Colorado,Regis University,"Denver, Colorado",Graduate Certificate in Data Science,http://www.regis.edu/CCIS/Academics/Degrees-Programs/Certificates/GC-Data-Science.aspx
Colorado,University of Colorado Boulder,"Boulder, Colorado",Master of Science in Business Administration-Business Analytics,http://www.colorado.edu/leedsms/ms-programs
Colorado,University of Colorado Denver,"Denver, Colorado",Graduate Applied Statistics Certificate,https://clas.ucdenver.edu/mathematical-and-statistical-sciences/graduate-certificate-applied-statistics
Colorado,University of Denver,"Denver, Colorado",Business Information and Analytics Certificate,http://daniels.du.edu/academic-programs/certificates-professional-development/graduate-business-certificates/business-information-analytics/
Connecticut,Central Connecticut State University,"New Britain, Connecticut",Graduate Certificate in Data Mining,http://web.ccsu.edu/datamining/graduate%20certificate.html
Connecticut,Quinnipiac University,"Hamden, Connecticut",Master of Science in Business Analytics,http://www.quinnipiac.edu/academics/qu-online/online-programs/online-graduate-programs/master-of-science-in-business-analytics/
Connecticut,University of Bridgeport,"Bridgeport, Connecticut",MBA - Analytics Intelligence Concentration,http://www.bridgeport.edu/academics/graduate/master-business-administration-mba/majors/analytics-intelligence/
Connecticut,University of Connecticut,"Storrs, Connecticut",Master of Science in Business Analytics and Project Management,http://msbapm.business.uconn.edu/
Connecticut,University of New Haven,"West Haven, Connecticut",M.B.A. - Business Intelligence Concentration,http://catalog.newhaven.edu/preview_program.php?catoid=11&poid=1960&returnto=848
Connecticut,Yale University,"New Haven, Connecticut",Terminal Master of Arts in Statistics,http://statistics.yale.edu/academics/terminal-ma-program
Delaware,University of Delaware,"Newark, Delaware",Certificate of Geographic Information Science,http://www.ceoe.udel.edu/schools-departments/department-of-geography/for-graduates/gis-certificate
Florida,Florida Atlantic University,"Boca Raton, Florida",Graduate Certificate in Big Data Analytics,http://business.fau.edu/masters-phd/master-of-science/ms-in-information-technology-management/program-information/big-data-analytics-graduate-certificate/index.aspx#.V-qPHJMrKRt
Florida,Florida International University,"Miami, Florida",Master of Science in Health Informatics and Analytics,https://business.fiu.edu/graduate/health-informatics-and-analytics/index.cfm
Florida,Florida Polytechnic University,"Lakeland, Florida",Master in Software & Data Engineering,http://www.msde.usi.ch/
Florida,Florida State University,"Tallahassee, Florida",Graduate Certificate in SAS Programming and Data Analysis,http://stat.fsu.edu/sas-certificate
Florida,Full Sail University,"Winter Park, Florida",Master of Science in Business Intelligence,http://www.fullsail.edu/degrees/online/business-intelligence-masters
Florida,Jacksonville University,"Jacksonville, Florida",Master of Science in Applied Business Analytics,https://www.jacksonvilleu.com/business/ms-applied-business-analytics/
Florida,New College of Florida,"Sarasota, Florida",Master in Data Science,https://www.ncf.edu/academics/graduate-program/
Florida,Nova Southeastern University,"Fort Lauderdale, Florida",Graduate Certificate in Business Intelligence / Analytics,http://cec.nova.edu/certificates/certificate_bi.html
Florida,The University of West Florida,"Pensacola, Florida",Graduate Certificate in Data Science,http://uwf.edu/cse/departments/computer-science/graduate-certificates/data-science/
Florida,University of Central Florida,"Orlando, Florida",M.S.  in Statistical Computing Data Mining Track,http://sciences.ucf.edu/statistics/dms/
Florida,University of Florida,"Gainesville, Florida",Master of Science in Information Systems and Operations Management (Business Intelligence & Analytics specialization),http://warrington.ufl.edu/graduate/academics/ms-isom/
Florida,University of Miami,"Coral Gables, Florida",Master of Science in Business Analytics,http://www.bus.miami.edu/academic-programs/mba-specialized-masters/specialized-masters/business-analytics.html
Florida,University of South Florida-Main Campus,"Tampa, Florida",Analytics and Business Intelligence Certificate,http://www.usf.edu/innovative-education/programs/graduate-certificates/analytics-and-business-intelligence.aspx
Georgia,Georgia College & State University,"Milledgeville, Georgia",Master of Management Information Systems,http://www.gcsu.edu/business/gradbusiness/mmis
Georgia,Georgia Institute of Technology,"Atlanta, Georgia",Master of Business Administration - Information Technology Management,https://www.scheller.gatech.edu/degree-programs/mba/full-time-program/curriculum/core-electives/it-management.html
Georgia,Georgia Southern University,"Statesboro, Georgia",M.S. - Computer Science with concentration in Data Mining and Data Warehousing,http://ceit.georgiasouthern.edu/cs/degrees/mscs/
Georgia,Georgia State University,"Atlanta, Georgia",Master of Science in Analytics,http://specialized.robinson.gsu.edu/msa/
Georgia,Kennesaw State University,"Kennesaw, Georgia",Certificate in Data Mining,http://csm.kennesaw.edu/statistics/programs/certificate-sas-data-mining.php
Georgia,Mercer University,"Macon, Georgia",M.S. In Business Analytics,http://business.mercer.edu/programs/business-analytics/
Georgia,Southwest Georgia Technical College,"Thomasville, Georgia",Online Master's in Predictive Analytics (MSPA),https://online.moravian.edu/online-masters-predictive-analytics
Georgia,University of Georgia,"Athens, Georgia",MS in Business Analytics,https://www.terry.uga.edu/msba/
Hawaii,Hawaii Pacific University,"Honolulu, Hawaii",Professional Certificate in Business Analytics,https://www.hpu.edu/registrar/academic-catalog/view-grad.html#?p=CERT-BA
Idaho,Boise State University,"Boise, Idaho",Graduate Certificate in Geospatial Information Analysis,https://earth.boisestate.edu/degrees/graduate/certificate-gis/
Idaho,Idaho State University,"Pocatello, Idaho",Graduate Certificate in Geotechnology,http://coursecat.isu.edu/graduate/scienceengineering/geosciences/#programstext
Idaho,University of Idaho,"Moscow, Idaho",Master of Science in Bioinformatics and Computational Biology,http://www.uidaho.edu/sci/bcb/degrees/ms
Illinois,Benedictine University,"Lisle, Illinois",Master of Science in Business Analytics,http://www.ben.edu/academic_programs/majorsheets/upload/MSBA_2013.pdf
Illinois,DePaul University,"Chicago, Illinois",Information Systems (MS) - Business Intelligence Concentration,http://www.depaul.edu/university-catalog/degree-requirements/graduate/cdm/information-systems-ms/concentrations/Pages/business-intelligence.aspx
Illinois,Elmhurst College,"Elmhurst, Illinois",Graduate Certificate in Data Science,http://public.elmhurst.edu/data_science/227880201.html
Illinois,Illinois Institute of Technology,"Chicago, Illinois",Master of Data Science,http://science.iit.edu/programs/graduate/master-data-science
Illinois,Lewis University,"Romeoville, Illinois","Business Analytics, M.S.",https://www.lewisu.edu/academics/business-analytics/index.htm
Illinois,Loyola University Chicago,"Chicago, Illinois",Certificate in Business Data Analytics,http://www.luc.edu/quinlan/certificates/business-data-analytics/
Illinois,Northwestern University,"Evanston, Illinois",Certificate in Advanced Data Science,http://sps.northwestern.edu/program-areas/advanced-graduate/advanced-data-science/index.php
Illinois,University of Chicago,"Chicago, Illinois",Certificate in Business Analytics,https://grahamschool.uchicago.edu/professional-degrees-programs/pdp/analytics/index
Illinois,University of Illinois at Chicago,"Chicago, Illinois",Health Informatics (IBHE-Approved Certificate),http://catalog.uic.edu/gcat/colleges-schools/applied-health-sciences/him-cert/
Illinois,University of Illinois at Springfield,"Springfield, Illinois",Graduate Certificate in Business Intelligence,http://mis.uis.edu/birequirements.php
Illinois,University of Illinois at Urbana-Champaign,"Champaign, Illinois",Master of Accounting Science - Data Analytics in Accountancy,https://business.illinois.edu/accountancy/programs/mas/
Illinois,University of St Francis,"Joliet, Illinois",Graduate Certificate in Business Analytics,https://www.stfrancis.edu/grad-certificate-business-analytics/
Indiana,Indiana University Bloomington,"Bloomington, Indiana",Business Analytics Certificate Program,https://kelley.iu.edu/programs/executive-degree-programs/online-certificates/business-analytics/index.cshtml
Indiana,Indiana University-Purdue University-Indianapolis,"Indianapolis, Indiana",Health Information Management and Exchange Certificate,https://soic.iupui.edu/biohealth/graduate/health-information-management/
Indiana,Purdue University,"West Lafayette, Indiana",Certificate in Applied Statistics,https://engineering.purdue.edu/ProEd/programs/certificate-programs/applied-statistics
Indiana,Saint Mary's College,"Notre Dame, Indiana",Online Master of Science in Data Science,https://grad.saintmarys.edu/academic-programs/ms-data-science
Indiana,University of Notre Dame,"Notre Dame, Indiana",Master of Science in Applied and Computational Mathematics and Statistics with a specialty in Applied Statistics,http://acms.nd.edu/graduate-programs/professional-master-s-programs/master-of-science-in-applied-statistics/
Indiana,Valparaiso University,"Valparaiso, Indiana",Certificate in Applied Econometric and Data Science Foundations using SAS,http://www.valpo.edu/economics/academics/graduate-programs/certificate-in-applied-econometrics-and-data-science-foundations-using-sas/
Iowa,Iowa State University,"Ames, Iowa",Graduate Certificate in Business Analytics,http://www.business.iastate.edu/masters/graduate-certificates/business-analytics/
Iowa,Loras College,"Dubuque, Iowa",Executive MBA in Business Analytics,http://www.loras.edu/academics/graduate/mba-business-analytics/
Iowa,Maharishi University of Management,"Fairfield, Iowa",Master of Science In Computer Science - Data Science Track,http://mscs.mum.edu/program-structure/data-science-track.html
Iowa,University of Iowa,"Iowa City, Iowa",Full-Time Master of Science in Business Analytics,https://tippie.uiowa.edu/future-graduate-students/masters-programs/business-analytics/full-time-msba
Iowa,University of Northern Iowa,"Cedar Falls, Iowa",Master of Arts in Geography - Geographic Information Science and Remote Sensing,https://csbs.uni.edu/geography/graduate-program
Kansas,Emporia State University,"Emporia, Kansas",MS Informatics,http://www.emporia.edu/info/degrees-courses/grad/informatics
Kansas,Fort Hays State University,"Hays, Kansas",Master of Science in Geosciences,http://www.fhsu.edu/geo/Master-s-Program/
Kansas,Kansas State University,"Manhattan, Kansas",Applied Statistics Certificate,http://global.k-state.edu/artsci/applied-stats/
Kansas,University of Kansas,"Lawrence, Kansas | Overland Park, Kansas",Certificate in Applied Data Science,https://catalog.ku.edu/medicine/biostatistics/applied-data-science-gcert/
Kentucky,Bellarmine University,"Louisville, Kentucky",Master of Science in Analytics,http://www.bellarmine.edu/analytics/
Kentucky,Eastern Kentucky University,"Richmond, Kentucky",Master of Science in Applied Computing - Statistical Computing,http://computerscience.eku.edu/master-science-applied-computing
Kentucky,Northern Kentucky University,"Highland Heights, Kentucky",Certificate in Business Informatics,http://nku.catalog.acalog.com/preview_program.php?catoid=7&poid=897&returnto=223
Kentucky,University of Kentucky,"Lexington, Kentucky",Master of Applied Statistics,https://stat.as.uky.edu/mas
Kentucky,University of Louisville,"Louisville, Kentucky",Certificate in Data Mining,http://louisville.edu/speed/computer/graduate-studies/dataMining
Louisiana,Louisiana State University,"Baton Rouge, Louisiana",Master of Science in Analytics,http://businessanalytics.lsu.edu/
Louisiana,Louisiana Tech University,"Ruston, Louisiana",Master of Health Informatics,http://him.latech.edu/masters.html
Louisiana,Tulane University of Louisiana,"New Orleans, Louisiana",Master of Science in Biostatistics,http://www.sph.tulane.edu/gbds/ms
Louisiana,University of Louisiana-Monroe,"Monroe, Louisiana",Certificate in Mortgage Analytics,http://catalog.ulm.edu/preview_program.php?catoid=23&poid=2860&returnto=2877
Louisiana,University of New Orleans,"New Orleans, Louisiana",Master of Science in Computer Science - Bioinformatics,http://www.uno.edu/cos/computer-science/bioinformatics.aspx
Maine,University of Maine at Farmington,"Farmington, Maine",Certificate in Applied Statistics,http://usm.maine.edu/catalogs/2013-14/certificate-applied-statistics
Maine,University of Maine,"Orono, Maine",Graduate Certificate in Geographic Information Systems,https://online.umaine.edu/graduate-certificates/geographic-information-systems/
Maine,University of New England,"Biddeford, Maine",Graduate Certificate in Health Informatics,http://online.une.edu/health-informatics/graduate-certificate/
Maine,University of Southern Maine,"Portland, Maine",Certificate in Applied Statistics,https://usm.maine.edu/math/certificate-applied-statistics
Maryland,Johns Hopkins University,"Baltimore, Maryland",DrPh in Public Health Informatics,http://www.jhsph.edu/departments/health-policy-and-management/degree-programs/drph-in-health-policy-and-management/drph-in-public-health-informatics/
Maryland,Loyola University Maryland,"Baltimore, Maryland",Master of Science in Data Science,http://www.loyola.edu/academics/data-science
Maryland,Notre Dame of Maryland University,"Baltimore, Maryland",Master of Science in Analytics in Knowledge Management,http://www.ndm.edu/grad-prof-studies/academics/programs/analytics
Maryland,University of Maryland-Baltimore County,"Baltimore, Maryland",Master of Science in Information Systems,http://onlinems.umbc.edu/
Maryland,University of Maryland-College Park,"College Park, Maryland",Graduate Certificate in Professional Studies in Geospatial Intelligence,https://geospatial.umd.edu/education/mps-gis
Maryland,University of Maryland-University College,"Adelphi, Maryland",Master of Science in Data Analytics,http://www.umuc.edu/academic-programs/masters-degrees/data-analytics.cfm
Massachusetts,Harvard University,"Cambridge, Massachusetts",Harvard Business Analytics Program,https://requestinfo.analytics.hbs.edu/index.html?s=mastersindatasciencesite&l=schools_cert_sp&utm_source=mastersindatasciencesite&utm_medium=link&utm_campaign=schools_cert_sp
Massachusetts,Babson College,"Wellesley, Massachusetts",MBA with Business Analytics Concentration,http://www.babson.edu/academics/graduate/mba/concentrations/pages/business-analytics.aspx
Massachusetts,Bay Path University,"Longmeadow, Massachusetts",MS in Applied Data Science,http://www.baypath.edu/academics/graduate-programs/applied-data-science-ms/
Massachusetts,Bentley University,"Waltham, Massachusetts",Emerging Leaders MBA - Business Analytics,http://www.bentley.edu/graduate/mba-programs/emerging-leaders-mba
Massachusetts,Boston University,"Boston, Massachusetts",Applied Business Analytics Graduate Certificate,https://www.bu.edu/dbin/met/landing-pages/?page=aba&utm_campaign=ABA&utm_medium=website&utm_source=mastersindatascience.org
Massachusetts,Brandeis University,"Waltham, Massachusetts",M.S. in Strategic Analytics,https://www.brandeis.edu/gps/future-students/learn-about-our-programs/strategic-analytics.html
Massachusetts,Clark University,"Worcester, Massachusetts",M.S. in Business Analytics,http://www.clarku.edu/programs/ms-business-analytics
Massachusetts,Harvard University,"Cambridge, Massachusetts",Harvard Business Analytics Program,https://requestinfo.analytics.hbs.edu/index.html?s=mastersindatasciencesite&l=schools_cert_sp&utm_source=mastersindatasciencesite&utm_medium=link&utm_campaign=schools_cert_sp
Massachusetts,Massachusetts Institute of Technology,"Cambridge, Massachusetts",Master of Business Analytics,http://mitsloan.mit.edu/master-of-business-analytics/
Massachusetts,Merrimack College,"North Andover, Massachusetts",Master of Science in Business Analytics,http://onlinedsa.merrimack.edu/business-analytics/
Massachusetts,Northeastern University,"Boston, Massachusetts",Graduate Certificate in Data Analytics,http://www.northeastern.edu/data-analytics/data-science-certificate/
Massachusetts,Suffolk University,"Boston, Massachusetts",Master of Science in Business Analytics,http://www.suffolk.edu/business/graduate/71020.php
Massachusetts,University of Massachusetts Amherst,"Amherst, Massachusetts",Certificate in Statistical and Computational Data Science,https://ds.cs.umass.edu/academics/certificate-data-science
Massachusetts,University of Massachusetts-Boston,"Boston, Massachusetts",Graduate Certificate in Business Analytics,https://www.umb.edu/academics/caps/certificates/business_analytics
Massachusetts,Worcester Polytechnic Institute,"Worcester, Massachusetts",Graduate Certificate in Data Science,http://www.wpi.edu/academics/datascience/certificate-program.html
Michigan,Baker College,"Allen Park, Michigan",MBA in Business Intelligence,http://www.baker.edu/programs-degrees/business-intelligence-master-ba/
Michigan,Central Michigan University,"Mount Pleasant, Michigan",Certificate in Data Mining,https://www.cmich.edu/colleges/cgs/programs/Pages/data-mining-cert.aspx
Michigan,Davenport University,"Grand Rapids, Michigan",Master of Science in Health Informatics and Information Management,http://www.davenport.edu/college-health-professions/programs-and-degrees/master-science-informatics-and-information-
Michigan,Eastern Michigan University,"Ypsilanti, Michigan",Graduate Certificate in Healthcare Informatics,http://catalog.emich.edu/preview_program.php?catoid=24&poid=11519&returnto=4952
Michigan,Grand Valley State University,"Allendale, Michigan",Master of Science in Biostatistics,http://www.gvsu.edu/grad/biostats/
Michigan,Michigan State University,"East Lansing, Michigan",M.S. - Business Analytics,http://broad.msu.edu/businessanalytics/
Michigan,Michigan Technological University,"Houghton, Michigan",Certificate in Data Science,http://www.mtu.edu/data-science/graduate/certificate/
Michigan,Oakland University,"Rochester Hills, Michigan",Master of Science in Information Technology Management in Business Analytics,https://www.oakland.edu/business/graduate-executive-programs/msitm/
Michigan,University of Michigan-Ann Arbor,"Ann Arbor, Michigan",Graduate Data Science (DS) Certificate Program,http://midas.umich.edu/certificate/
Michigan,University of Michigan-Dearborn,"Dearborn, Michigan",Master of Science in Business Analytics,http://umdearborn.edu/cob/ms-business-analytics/
Michigan,Wayne State University,"Detroit, Michigan",Master of Science in Data Science and Business Analytics,https://engineering.wayne.edu/data-analytics/programs/ms.php
Minnesota,Saint Mary's University of Minnesota,"Winona, Minnesota",Master of Science in Business Intelligence and Data Analytics,http://onlineprograms.smumn.edu/msbida/masters-in-business-intelligence-and-analytics
Minnesota,The College of Saint Scholastica,"Duluth, Minnesota",Health Informatics Certificate,http://www.css.edu/graduate/masters-doctoral-and-professional-programs/areas-of-study/ms-health-information-management/health-informatics-certificate.html
Minnesota,University of Minnesota-Twin Cities,"Minneapolis, Minnesota",Doctor of Philosophy in Health Informatics,https://healthinformatics.umn.edu/education-training/graduate-programs/phd-program
Minnesota,University of St. Thomas,"Saint Paul, Minnesota",Graduate Certificate in Big Data,http://www.stthomas.edu/gradsoftware/programs/gradcerts/cbd/
Mississippi,Delta State University,"Cleveland, Mississippi",Master of Applied Science in Geospatial Information Technologies,http://www.deltastate.edu/artsandsciences/biological-sciences/programs/mas-git/
Mississippi,Jackson State University,"Jackson, Mississippi",Ph.D. in Computational and Data-Enabled Science and Engineering,http://www.jsums.edu/gip/cdese/
Mississippi,Mississippi State University,"Mississippi State, Mississippi",Certificate in Computational Biology,http://www.igbb.msstate.edu/certificate.php
Mississippi,Mississippi Valley State University,"Itta Bena, Mississippi",Master of Science in Bioinformatics,https://www.mvsu.edu/academics/academic-programs/arts-sciences/departments/natural-sciences-environmental-health/graduate/ms-bioinformatics/admissions
Mississippi,University of Mississippi Medical Center,"Jackson, Mississippi",Master of Science in Biostatistics and Data Science,https://www.umc.edu/SoPH/Departments-and-Faculty/Data-Science/Education/MS-Biostatistics-and-Data-Science/Overview.html
Missouri,Grantham University,"Kansas City, Missouri",Master of Science in Business Intelligence,http://rmi.grantham.edu/programs/master-of-science-in-business-intelligence
Missouri,Maryville University,"Saint Louis, Missouri",Online Master of Science in Business Data Analytics,http://online.maryville.edu/online-master-of-science-in-business-data-analytics/
Missouri,Missouri State University-Springfield,"Springfield, Missouri","Master of Science in Geospatial Sciences - Geography, Geology and Planning",http://graduate.missouristate.edu/catalog/prog_Geospatial_Sciences_Geography_Geology.htm
Missouri,Missouri University of Science and Technology,"Rolla, Missouri",Certificate in Big Data Management and Analytics,http://dce.mst.edu/credit/certificates/bigdatamanagementandanalytics/
Missouri,Rockhurst University,"Kansas City, Missouri",Data Science and Business Analytics Certificate,http://www.rockhurst.edu/media/filer_private/2013/12/06/helzberg_ds_certificates_w-course_descriptions.pdf
Missouri,Saint Louis University-Main Campus,"Saint Louis, Missouri",Applied Analytics Master's Degree,https://www.slu.edu/programs/graduate/applied-analytics-ms.php
Missouri,University of Missouri-Columbia,"Columbia, Missouri",Master of Science in Data Science and Analytics,http://dsa.missouri.edu/
Missouri,University of Missouri-Kansas City,"Kansas City, Missouri",PhD in Biomedical and Health Informatics,http://med.umkc.edu/iphd/
Missouri,University of Missouri-St Louis,"Saint Louis, Missouri",Graduate Certificate in Business Intelligence,http://mis.umsl.edu/M.S.%20in%20I.S./BICertificate.html
Missouri,Washington University in St Louis,"Saint Louis, Missouri",Master of Science in Customer Analytics,https://olin.wustl.edu/EN-US/academic-programs/specialized-masters-programs/ms-in-customer-analytics/Pages/default.aspx
Montana,Montana Tech of the University of Montana,"Butte, Montana",Graduate Certificate in Health Care Informatics,https://www.mtech.edu/clsps/hci/curriculum.html
Montana,The University of Montana,"Missoula, Montana",Master of Business Analytics,http://www.business.umt.edu/programs/graduate/msba-program/default.php
Nebraska,Bellevue University,"Bellevue, Nebraska",Master of Science-Business Analytics,http://www.bellevue.edu/degrees/graduate/business-analytics-ms/major-requirements.aspx
Nebraska,Creighton University,"Omaha, Nebraska",Graduate Certificate in Business Analytics,https://www.creighton.edu/program/business-analytics-graduate-certificate
Nebraska,Nebraska Methodist College of Nursing & Allied Health,"Omaha, Nebraska",Certificate in Nursing Informatics,http://www.methodistcollege.edu/nursing/certificates/nursing-informatics-certificate
Nebraska,University of Nebraska at Omaha,"Omaha, Nebraska",Doctor of Philosophy in Biomedical Informatics,http://unomaha.smartcatalogiq.com/en/2016-2017/Graduate-Catalog/Graduate-Degree-Programs-Certificates-Minors/Biomedical-Informatics/Biomedical-Informatics-PhD
Nebraska,University of Nebraska-Lincoln,"Lincoln, Nebraska",Business Analytics Graduate Certificate,http://cba.unl.edu/academic-programs/programs-and-degrees/business-analytics/
Nevada,University of Nevada-Las Vegas,"Las Vegas, Nevada",Graduate Certificate in Data Analytics,https://www.unlv.edu/certificate/data-analytics
Nevada,University of Nevada-Reno,"Reno, Nevada",Master of Science in Information Systems - Data Analytics Track,http://www.unr.edu/business/degree-programs/information-systems/msis#dataanalyticstrack
Nevada,Western Governors University,"Las Vegas, Nevada",Master of Science in Data Analytics,http://nevada.wgu.edu/online_it_degrees/data_analytics_master_degree
New-Hampshire,Dartmouth College,"Hanover, New Hampshire",Masters of Science in Quantitative Biomedical Sciences - Health Data Science Concentration,http://www.dartmouth.edu/~qbs/program/the-ms-curriculum.html
New-Hampshire,New England College,"Henniker, New Hampshire",Master of Business Administration (MBA) - Healthcare Informatics,http://catalog.nec.edu/preview_program.php?catoid=12&poid=866&returnto=254
New-Hampshire,Southern New Hampshire University,"Manchester, New Hampshire",Master of Business Administration (MBA) - Healthcare Informatics,http://www.snhu.edu/campus-majors/graduate/master-of-business-administration/mba-in-health-informatics
New-Hampshire,University of New Hampshire-Main Campus,"Durham, New Hampshire",Graduate Certificate in Analytics,http://www.unh.edu/analytics/graduate-certificate-analytics
New-Jersey,New Jersey Institute of Technology,"Newark, New Jersey",Graduate Certificate in Data Mining,http://www5.njit.edu/graduatestudies/degree-programs/graduatecertificates/data-mining-cert/
New-Jersey,Rowan University,"Glassboro, New Jersey",Master of Science in Data Analytics,https://rowanu.com/programs/649
New-Jersey,Rutgers University,"New Brunswick, New Jersey | Newark, New Jersey | Camden, New Jersey","Master of Business & Science (MBS), Concentration in Drug Discovery & Development",http://mbs.rutgers.edu/program/drug-discovery-development-onlinehybrid
New-Jersey,Saint Peter's University,"Jersey City, New Jersey",Master of Science in Data Science with a concentration in Business Analytics,http://www.saintpeters.edu/data-science-and-business-analytics/
New-Jersey,Stevens Institute of Technology,"Hoboken, New Jersey",BI&A Graduate Certificate,https://www.stevens.edu/school-business/masters-programs/graduate-certificates/business-intelligence-analytics
New-Jersey,Thomas Edison State University,"Trenton, New Jersey",MBA in Data Analytics,https://www.tesu.edu/business/mba/data-analytics
New-Mexico,New Mexico State University-Main Campus,"Las Cruces, New Mexico",Master of Science in Applied Statistics,http://business.nmsu.edu/academics/graduate-programs/ms-astat/
New-Mexico,University of New Mexico-Main Campus,"Albuquerque, New Mexico",Master of Science in Statistics - Applied Statistics Concentration,http://math.unm.edu/graduate/graduate-studies-statistics
New-Mexico,University of Phoenix,"Albuquerque, New Mexico",Graduate Certificate in Business Analytics,http://www.phoenix.edu/programs/continuing-education/certificate-programs/technology/cert-g-ba.pdf
New-York,Syracuse University,"Syracuse, New York",Master of Science in Applied Data Science,https://requestinfo.ischoolonline.syr.edu/mids.html?s=mastersindatasciencesite&l=schools_new-york--listings-featured-program
New-York,Clarkson University,"Potsdam, New York",Master of Science in Data Analytics,https://www.clarkson.edu/graduate/data-analytics
New-York,Columbia University in the City of New York,"New York, New York",Master of Science in Applied Analytics,http://sps.columbia.edu/applied-analytics/master-of-science-in-applied-analytics
New-York,Cornell University,"Ithaca, New York",Master of Professional Studies (MPS) in Applied Statistics (Option II: Data Science),http://stat.cornell.edu/academics/mps
New-York,CUNY Bernard M Baruch College,"New York, New York",Advanced Certificate in Business Analytics of Large-Scale Data,http://www.csi.cuny.edu/catalog/graduate/advanced-certificate-in-business-analytics-of-large-scale-data.htm
New-York,CUNY City College,"New York, New York",Master's in Data Science and Engineering,https://www.ccny.cuny.edu/dse
New-York,CUNY Graduate School and University Center,"New York, New York",Online Master of Science in Data Analytics,https://sps.cuny.edu/academics/graduate/master-science-data-analytics-ms
New-York,CUNY Lehman College,"Bronx, New York",Master of Science in Geographic Information Science,http://www.lehman.edu/academics/eggs/geographic-information-science.php
New-York,CUNY Queens College,"Flushing, New York",MA in Data Analytics & Applied Social Research,https://www.qc.cuny.edu/Academics/Degrees/DSS/Sociology/Pages/DAASR.aspx
New-York,Fordham University,"Bronx, New York",Master of Science in Business Analytics,http://www.fordham.edu/info/21535/business_analytics
New-York,Icahn School of Medicine at Mount Sinai,"New York, New York",Master of Science in Biostatistics,http://icahn.mssm.edu/education/masters/biostatistics
New-York,Keller Graduate School of Management,"New York, New York",MBA with a Business Intelligence and Analytics Management Concentration,http://keller.edu/graduate-degree-programs/mba-program/business-intelligence-mba.html
New-York,Manhattan College,"Riverdale, New York",M.S. in Applied Mathematics - Data Analytics,https://manhattan.edu/academics/5-year-programs/applied-mathematics-data-analytics.php
New-York,Marist College,"Poughkeepsie, New York",Advanced Certificate in Business Analytics,http://www.marist.edu/admission/graduate/business-analytics/
New-York,New York Institute of Technology,"Old Westbury, New York",Master of Science in Data Science,https://www.nyit.edu/degrees/data_science_ms
New-York,New York University,"New York, New York",Advanced Certificate in Applied Urban Science and Informatics,http://cusp.nyu.edu/advanced-certificate-in-applied-urban-science-and-informatics/
New-York,Pace University-New York,"New York, New York",Master of Science in Enterprise Analytics,https://www.pace.edu/seidenberg/enterprise-analytics-ms
New-York,Pratt Institute-Main,"Brooklyn, New York",Advanced Certificate in Spatial Analysis and Design,https://www.pratt.edu/academics/information/advanced-certificates/spatial-analysis-and-design/
New-York,Rensselaer Polytechnic Institute,"Troy, New York",M.S. in Information Technology - Concentration in Data Science and Analytics,https://science.rpi.edu/itws/programs/graduate/ms
New-York,Rochester Institute of Technology,"Rochester, New York",Advanced Certificate in Applied Statistics,https://www.rit.edu/programs/applied-statistics-adv-cert
New-York,St. John's University,"Queens, New York",Master of Science in Data Mining and Predictive Analytics,http://www.stjohns.edu/academics/schools-and-colleges/college-professional-studies/programs-and-majors/data-mining-and-predictive-analytics-master-science
New-York,Stony Brook University,"Stony Brook, New York",Advanced Graduate Certificate in Geospatial Science,http://www.stonybrook.edu/commcms/gss/education/Graduate.html
New-York,SUNY College of Environmental Science and Forestry,"Syracuse, New York",Master of Science in Geospatial Information Science and Engineering,http://www.esf.edu/ere/graduate/gisce/
New-York,Syracuse University,"Syracuse, New York",Master of Science in Applied Data Science,https://ischool.syr.edu/academics/graduate/masters-degrees/ms-in-applied-data-science/
New-York,The New School,"New York, New York",Data Visualization (MS),http://www.newschool.edu/parsons/ms-data-visualization/
New-York,Trocaire College,"Buffalo, New York",Certificate in Healthcare Informatics,https://trocaire.edu/academic-program/healthcare-informatics/
New-York,University at Buffalo,"Buffalo, New York",Dual Master of Science (MS) in Management Science: Business Analytics and Systems / Master of Business Administration (MBA),http://mgt.buffalo.edu/degree-programs/abroad/business-analytics-amrita.html
New-York,University of Rochester,"Rochester, New York",MA and MS in Medical Statistics,http://www.urmc.rochester.edu/education/graduate/phd/statistics/
New-York,Utica College,"Utica, New York",Online Master of Science in Data Science,http://programs.online.utica.edu/programs/masters-data-science
New-York,Yeshiva University,"New York, New York",Master's in Quantitative Economics,https://www.yu.edu/katz-school-graduate-and-professional-studies/programs/graduate-programs/katz-school-graduate-and
North-Carolina,University of North Carolina at Chapel Hill,"Chapel Hill, North Carolina",Online MBA with a Specialization in Data Analytics and Decision Making,https://requestinfo.onlinemba.unc.edu/index.html?s=mastersindatasciencesite&l=schools_north-carolina--listings-featured-program
North-Carolina,Appalachian State University,"Boone, North Carolina",Master of Science in Applied Data Analytics,http://www.appstate.edu/academics/graduate/id/applied-data-analytics-ms
North-Carolina,Duke University,"Durham, North Carolina",Big Data and Data Science Certificate,http://learnmore.duke.edu/certificates/big-data-and-data-science-online-program
North-Carolina,North Carolina State University at Raleigh,"Raleigh, North Carolina",Graduate Certificate in Geospatial Information Science,http://online.geospatial.ncsu.edu/programs/graduate-certificate-in-gis/
North-Carolina,University of North Carolina at Chapel Hill,"Chapel Hill, North Carolina",Online MBA with a Specialization in Data Analytics and Decision Making,https://requestinfo.onlinemba.unc.edu/index.html?s=mastersindatasciencesite&l=specialties_online_masters_ba_sp&utm_source=mastersindatasciencesite&utm_medium=link&utm_campaign=specialties_online_masters_ba_sp
North-Carolina,University of North Carolina at Charlotte,"Charlotte, North Carolina",Graduate Certificate in Data Science and Business Analytics,http://analytics.uncc.edu/academics
North-Carolina,University of North Carolina at Greensboro,"Greensboro, North Carolina",Graduate Certificate in Business Analytics,http://bae.uncg.edu/isscm/graduate/certificates/graduate-certificate-in-business-analytics-2/
North-Carolina,University of North Carolina Wilmington,"Wilmington, North Carolina",Master of Science in Data Science,http://uncw.edu/datascience/index.html
North-Carolina,Wake Forest University,"Winston Salem, North Carolina",Master of Science in Business Analytics,http://business.wfu.edu/ms-analytics/
North-Dakota,Minot State University,"Minot, North Dakota",Master of Science in Information Systems,http://www.minotstateu.edu/business/pages/grad_programs/msis.shtml
North-Dakota,North Dakota State University-Main Campus,"Fargo, North Dakota",Master of Science in Applied Statistics,https://bulletin.ndsu.edu/programs-study/graduate/statistics/
North-Dakota,University of North Dakota,"Grand Forks, North Dakota",Graduate Certificate in Geographic Information Science,http://und.edu/academics/extended-learning/online-distance/graduate-certificates/geographic-information-science/
Ohio,Bowling Green State University,"Huron, Ohio | Bowling Green, Ohio",M.S. in Analytics,http://www.bgsu.edu/graduate/analytics.html
Ohio,Case Western Reserve University,"Cleveland, Ohio",MSM - Business Analytics,https://weatherhead.case.edu/degrees/masters/ms-management/business-analytics/
Ohio,Cleveland State University,"Cleveland, Ohio",Graduate Certificate in Advanced Business Analytics,http://www.csuohio.edu/business/academics/business-analytics-graduate-certificate-programs
Ohio,Kent State University at Kent,"Kent, Ohio",Graduate Certificate in Health Informatics,https://onlinedegrees.kent.edu/ischool/health-informatics/certificate
Ohio,Ohio State University-Main Campus,"Columbus, Ohio",Master of Applied Statistics,http://www.stat.osu.edu/dept/descriptions-programs/master-applied-statistics/quarters
Ohio,Ohio University,"Athens, Ohio",Online MBA in Business Analytics,http://onlinemba.ohio.edu/lp-responsive-portals/?Access_Code=OU-MBABA-FA2015A&utm_source=email&utm_campaign=OU-MBABA-FA2015A
Ohio,University of Cincinnati,"Cincinnati, Ohio",Doctor of Philosophy in Biomedical Informatics,http://med.uc.edu/bmigrad/doctoral/about
Ohio,Wittenberg University,"Springfield, Ohio",Master of Science in Analytics,http://www.wittenberg.edu/academics/analytics
Ohio,Xavier University,"Cincinnati, Ohio",Master of Science in Customer Analytics,http://www.xavier.edu/master-science-customer-analytics/
Oklahoma,Oklahoma State University-Main Campus,"Stillwater, Oklahoma",Bioinformatics Certification Program,http://bioinformatics.okstate.edu/
Oklahoma,Southwestern Oklahoma State University,"Weatherford, Oklahoma",M.S. Healthcare Informatics & Information Management,http://www.swosu.edu/academics/health-information-management/programs/graduate/index.aspx
Oklahoma,University of Oklahoma Norman Campus,"Norman, Oklahoma",Master of Science in Data Science and Analytics,http://www.ou.edu/content/coe/academics/graduate/academics/datascience1.html
Oregon,Oregon Health & Science University,"Portland, Oregon",Certificate in Biostatistics,http://ohsu-psu-sph.org/index.php/certificate-in-biostatistics/
Oregon,Oregon State University,"Corvallis, Oregon",Graduate Certificate in Business Analytics,http://business.oregonstate.edu/graduate-certficiates/graduate-certificate
Oregon,Portland State University,"Portland, Oregon",Graduate Certificate in Applied Statistics,https://www.pdx.edu/math/graduate-certificate-in-applied-statistics
Oregon,University of Portland,"Portland, Oregon",Certificate in Business Analytics,https://business.up.edu/certificates/business-analytics-certificate.html
Pennsylvania,Carnegie Mellon University,"Pittsburgh, Pennsylvania",Master of Computational Data Science (MCDS),http://mcds.cs.cmu.edu/
Pennsylvania,Drexel University,"Philadelphia, Pennsylvania",Business Analytics Certificate,https://www.lebow.drexel.edu/academics/executive/certificate-programs/business-analytics-certificate
Pennsylvania,Harrisburg University of Science and Technology,"Harrisburg, Pennsylvania",Online Master of Science in Analytics,http://www.harrisburgu.edu/academics/graduate/analytics/online-analytics.php
Pennsylvania,Lehigh University,"Bethlehem, Pennsylvania",Master of Science in Accounting and Information Analysis,http://cbe.lehigh.edu/msaia
Pennsylvania,Mercyhurst University,"Erie, Pennsylvania",Master of Science in Data Science,https://www.mercyhurst.edu/academics/grad/data-science
Pennsylvania,Misericordia University,"Dallas, Pennsylvania",Health Care Informatics Graduate Certificate,http://www.misericordia.edu/page.cfm?p=1117
Pennsylvania,Moravian College,"Bethlehem, Pennsylvania",Online Master's in Predictive Analytics (MSPA),https://online.moravian.edu/online-masters-predictive-analytics
Pennsylvania,Pennsylvania State University-Penn State Great Valley,"Malvern, Pennsylvania",Graduate Certificate in Data Analytics,http://greatvalley.psu.edu/academics/graduate-certificates/data-analytics
Pennsylvania,Pennsylvania State University-Penn State Harrisburg,"Middletown, Pennsylvania",Master of Science in Information Systems,https://harrisburg.psu.edu/business-administration/information-systems/master-science-information-systems
Pennsylvania,Pennsylvania State University-World Campus,"University Park, Pennsylvania",Graduate Certificate in Applied Statistics,http://www.worldcampus.psu.edu/degrees-and-certificates/applied-statistics-certificate/courses
Pennsylvania,Saint Joseph's University,"Philadelphia, Pennsylvania",Master of Science in Business Intelligence & Analytics Program,http://www.sju.edu/int/academics/hsb/grad/msbi/
Pennsylvania,The University of Scranton,"Scranton, Pennsylvania",Master of Science in Health Informatics,http://elearning.scranton.edu/mshi/ms-health-informatics
Pennsylvania,University of Pennsylvania,"Philadelphia, Pennsylvania","Master of Business Administration - Operations, Information and Decisions Specialty, Information Systems Track",https://oid.wharton.upenn.edu/programs/mba/operations-information-and-decisions/
Pennsylvania,University of Pittsburgh-Bradford,"Bradford, Pennsylvania",Master's Degree in Biomedical Informatics,http://www.dbmi.pitt.edu/training-programs
Pennsylvania,University of Pittsburgh-Pittsburgh Campus,"Pittsburgh, Pennsylvania",Business Analytics Certificate,http://www.business.pitt.edu/katz/mba/academics/certificates/analytics
Pennsylvania,Villanova University,"Villanova, Pennsylvania",Graduate Certificate in Applied Statistics,http://www1.villanova.edu/content/dam/villanova/artsci/gradstudies/AppliedStatisticsGraduateInformationSheet.pdf
Rhode-Island,Brown University,"Providence, Rhode Island",Master of Arts in Biostatistics,https://www.brown.edu/academics/public-health/biostatistics/scmam-track
Rhode-Island,Bryant University,"Smithfield, Rhode Island",Graduate Certificate in Business Analytics,http://gradschool.bryant.edu/business/analytics.htm
Rhode-Island,University of Rhode Island,"Kingston, Rhode Island",Graduate Certificate in Geographic Information Systems,https://web.uri.edu/cels-gradprograms/certificate-in-gis-and-remote-sensing/
South-Carolina,Clemson University,"Clemson, South Carolina",Doctor of Philosophy in Biomedical Data Science and Informatics,http://www.clemson.edu/graduate/academics/program-details.html?m_id=joint-BDSI
South-Carolina,Medical University of South Carolina,"Charleston, South Carolina",Master of Science in Health Informatics,http://academicdepartments.musc.edu/chp/MSHI/
South-Carolina,University of South Carolina-Columbia,"Columbia, South Carolina",Graduate Certificate in Business Analytics,http://sc.edu/study/colleges_schools/moore/academic_programs/certificate_programs/index.php
South-Dakota,Dakota State University,"Madison, South Dakota",Doctor of Science in Information Systems,http://dsu.edu/graduate-students/dscis
South-Dakota,South Dakota State University,"Brookings, South Dakota",Certificate in Data Science,https://www.sdstate.edu/mathematics-statistics/data-science-certificate
South-Dakota,University of South Dakota,"Vermillion, South Dakota",Graduate Certificate in Business Analytics,http://www.usd.edu/usd-online/online-programs/certificate-in-business-analytics
Tennessee,Austin Peay State University,"Clarksville, Tennessee",Professional Science Master's Degree in Predictive Analytics,http://www.apsu.edu/programs/graduate/computer-science-and-quantitative-methods-predictive-analytics.php
Tennessee,Lipscomb University,"Nashville, Tennessee",Master of Science in Data Science,https://www.lipscomb.edu/technology/graduate-programs/graduate-data-science
Tennessee,Middle Tennessee State University,"Murfreesboro, Tennessee",Master of Science in Information Systems (Business Intelligence and Analytics Concentration),http://www.mtsu.edu/programs/information-systems-ms/index.php#t-0
Tennessee,Tennessee Technological University,"Cookeville, Tennessee",Professional Science Master's Degree in Environmental Informatics,https://www.tntech.edu/is/ses/psm/psmei
Tennessee,The University of Tennessee at Chattanooga,"Chattanooga, Tennessee",Graduate Certificate in Business Analytics,http://www.utc.edu/college-business/academic-programs/graduate-programs/business-analytics/index.php
Tennessee,The University of Tennessee,"Knoxville, Tennessee",Master of Science in Business Analytics,http://bus.utk.edu/soms/analytics/
Tennessee,University of Memphis,"Memphis, Tennessee",Graduate Certificate in Bioinformatics,http://www.memphis.edu/bioinformatics/certificate/index.php#
Tennessee,Vanderbilt University,"Nashville, Tennessee",Master of Science in Applied Clinical Informatics,https://medschool.vanderbilt.edu/biomedical-informatics/msaci/
Texas,Southern Methodist University,"Dallas, Texas",Online Master of Science in Data Science from Southern Methodist University,https://requestinfo.datascience.smu.edu/index.html?s=mastersindatasciencesite&l=states_texas
Texas,Southern Methodist University,"Dallas, Texas",Online Master of Science in Data Science,https://requestinfo.datascience.smu.edu/index.html?s=mastersindatasciencesite&l=schools_texas--listings-featured-program
Texas,Southern Methodist University,"Dallas, Texas",Online Master of Science in Data Science,https://requestinfo.datascience.smu.edu/index.html?s=mastersdatasciencesitesmu&l=list&utm_source=mastersdatasciencesitesmu&utm_campaign=list&utm_medium=link
Texas,Tarleton State University,"Stephenville, Texas",M.S. in Mathematical Data Mining,http://www.tarleton.edu/Costweb/math/degrees/graduate.html#MSDataMining
Texas,Texas A & M University-College Station,"College Station, Texas",Graduate Certificate in Statistics,http://online.stat.tamu.edu/degree-plan/applied-statistics/
Texas,Texas Tech University,"Lubbock, Texas",Master of Science in Data Science,https://www.depts.ttu.edu/rawlsbusiness/graduate/ms/datascience/
Texas,Texas Woman's University,"Denton, Texas",Master of Science in Informatics,http://www.twu.edu/informatics/graduate-program/
Texas,The University of Texas at Arlington,"Arlington, Texas",M.S. in Business Analytics,http://www.uta.edu/msba
Texas,The University of Texas at Austin,"Austin, Texas",Master of Science in Business Analytics,http://www.mccombs.utexas.edu/business-analytics.aspx
Texas,The University of Texas at Dallas,"Richardson, Texas",Graduate Certificate in Business Intelligence and Data Mining,https://jindal.utdallas.edu/isom/information-systems-programs/certificate-programs/
Texas,The University of Texas at San Antonio,"San Antonio, Texas",Master of Science in Applied Statistics,http://graduateschool.utsa.edu/future-students/academic-programs/applied-statistics-m.s
Texas,The University of Texas Health Science Center at Houston,"Houston, Texas",Doctor of Philosophy in Biomedical Informatics,https://sbmi.uth.edu/prospective-students/academics/doctoral.htm
Texas,University of Houston-Downtown,"Houston, Texas",Master in Data Analytics,https://www.uhd.edu/academics/sciences/Pages/master-in-data-analytics.aspx
Texas,University of North Texas,"Denton, Texas",MS - Business Analytics,http://www.cob.unt.edu/programs/masters/tracksheets/MS%20Business%20Analytics.pdf
Utah,Brigham Young University-Provo,"Provo, Utah",Master of Information Systems Management - Business Analytics and Intelligence,https://marriottschool.byu.edu/infosys/mism/what-will-i-study/program-overview/
Utah,University of Utah,"Salt Lake City, Utah",Certificate in Big Data,http://www.cs.utah.edu/bigdata/
Vermont,University of Vermont,"Burlington, Vermont",Certificate of Graduate Study in Complex Systems,http://www.uvm.edu/~cmplxsys/teaching-learning/certificate-of-study-in-complex-systems/
Virginia,College of William and Mary,"Williamsburg, Virginia",Master of Science in Business Analytics,http://mason.wm.edu/programs/msba/index.php
Virginia,George Mason University,"Fairfax, Virginia",Doctor of Philosophy in Computational Sciences and Informatics,https://cos.gmu.edu/cds/phd-in-computational-sciences-and-informatics/
Virginia,Radford University,"Radford, Virginia",MS in Data and Information Management,http://www.radford.edu/content/csat/home/daim/about.html
Virginia,University of Mary Washington,"Fredericksburg, Virginia",Masters in Geospatial Analysis,http://cas.umw.edu/gis/masters/
Virginia,University of Virginia,"Charlottesville, Virginia",Master of Science in Commerce - Business Analytics,https://www.commerce.virginia.edu/ms-commerce/business-analytics
Virginia,Virginia Commonwealth University,"Richmond, Virginia",Executive MBA with concentration in business analytics,http://bulletin.vcu.edu/graduate/school-business/mba-programs/business-administration-executive-business-analytics/
Virginia,Virginia Tech,"Blacksburg, Virginia",Master of Information Technology - Business Information Systems,http://vtmit.vt.edu/academics/modules/business-information-systems.html
Washington,Bellevue College,"Bellevue, Washington",Healthcare Data Analyst Certificate,http://www.bellevuecollege.edu/ce/healthcare-classes/healthcare-data-analyst-certificate/
Washington,City University of Seattle,"Seattle, Washington",Master of Science in Computer Science with Concentration in Big Data Management,http://www.cityu.edu/programs-overview/master-science-computer-science/
Washington,Seattle University,"Seattle, Washington",Graduate Certificate in Business Analytics,https://www.seattleu.edu/albers/graduate/certificates/business-analytics/
Washington,University of Washington-Seattle Campus,"Seattle, Washington",Certificate in Data Science,http://www.pce.uw.edu/certificates/data-science.html
Washington,University of Washington-Tacoma Campus,"Tacoma, Washington",Certificate in Business Analysis,http://www.pce.uw.edu/certificates/business-analysis.html
West-Virginia,Marshall University,"Huntington, West Virginia",Graduate Certificate in Bioinformatics,http://www.marshall.edu/graduate/select-your-degree-or-certificate-program/graduate-certificate-in-bioinformatics/
West-Virginia,West Virginia University,"Morgantown, West Virginia",Certificate in Applied Statistics,http://catalog.wvu.edu/graduate/eberlycollegeofartsandsciences/statistics/
Wisconsin,Marquette University,"Milwaukee, Wisconsin",Master of Science in Applied Statistics,http://www.marquette.edu/mscs/grad-applied-statistics.shtml
Wisconsin,University of Wisconsin Colleges,"Madison, Wisconsin",Online Master of Science in Data Science,http://datasciencedegree.wisconsin.edu/
Wisconsin,University of Wisconsin-Madison,"Madison, Wisconsin",Master of Science in Statistics - Data Science,https://advanceyourcareer.wisc.edu/degrees/data-science/
Wisconsin,University of Wisconsin-Milwaukee,"Milwaukee, Wisconsin",Online Graduate Certificate in Business Analytics,http://uwm.edu/graduateschool/business-analytics-certificate/
District-of-Columbia,American University,"Washington, District of Columbia",Master of Science in  Analytics,http://requestinfo.onlinebusiness.american.edu/analytics.html?s=mastersindatasciencesite&l=schools_district-of-columbia--listings-featured-program
District-of-Columbia,George Washington University,"Washington, District of Columbia",Online MS in Management of Health Informatics and Analytics,https://requestinfo.publichealthonline.gwu.edu/mhi.html?s=mastersindatasciencesite&l=schools_district-of-columbia--listings-featured-program
District-of-Columbia,American University,"Washington, District of Columbia",Master of Science in  Analytics,http://www.american.edu/kogod/graduate/MS-ANLT.cfm
District-of-Columbia,George Washington University,"Washington, District of Columbia",Online MS in Management of Health Informatics and Analytics,https://publichealthonline.gwu.edu/health-informatics/
District-of-Columbia,Georgetown University,"Washington, District of Columbia",Certificate in Biostatistics,http://biostatistics.georgetown.edu/education/certificate/biostatistics
